Common Name,Scientific Name,Family,Category,Reef Safe,Temperament,Care Level,Minimum Tank Size (gal),Maximum Size (in)
Emperor Angelfish,Pomacanthus imperator,Pomacanthidae,Large Angelfish,No,Semi-Aggressive,Moderate,220,15.0
Queen Angelfish,Holacanthus ciliaris,Pomacanthidae,Large Angelfish,No,Semi-Aggressive,Difficult,250,18.0
French Angelfish,Pomacanthus paru,Pomacanthidae,Large Angelfish,No,Semi-Aggressive,Moderate,250,16.0
Blueface Angelfish,Pomacanthus xanthometopon,Pomacanthidae,Large Angelfish,No,Semi-Aggressive,Moderate,220,15.0
Majestic Angelfish,Pomacanthus navarchus,Pomacanthidae,Large Angelfish,With Caution,Semi-Aggressive,Moderate,180,11.0
Regal Angelfish,Pygoplites diacanthus,Pomacanthidae,Large Angelfish,With Caution,Difficult,Difficult,180,10.0
Annularis Angelfish,Pomacanthus annularis,Pomacanthidae,Large Angelfish,No,Semi-Aggressive,Moderate,220,18.0
Koran Angelfish,Pomacanthus semicirculatus,Pomacanthidae,Large Angelfish,No,Semi-Aggressive,Moderate,220,15.0
Heniochus Bannerfish,Heniochus acuminatus,Chaetodontidae,Bannerfish,With Caution,Peaceful,Easy,125,10.0
Schooling Bannerfish,Heniochus diphreutes,Chaetodontidae,Bannerfish,Yes,Peaceful,Moderate,125,7.0
Orbiculate Batfish,Platax orbicularis,Ephippidae,Batfish,No,Peaceful,Moderate,300,20.0
Longfin Batfish,Platax teira,Ephippidae,Batfish,No,Peaceful,Moderate,300,24.0
Yellow Boxfish,Ostracion cubicus,Ostraciidae,Boxfish,With Caution,Peaceful,Moderate,125,18.0
Whitespotted Boxfish,Ostracion meleagris,Ostraciidae,Boxfish,With Caution,Peaceful,Moderate,125,10.0
Longhorn Cowfish,Lactoria cornuta,Ostraciidae,Cowfish,With Caution,Peaceful,Moderate,180,20.0
Thornback Cowfish,Lactoria fornasini,Ostraciidae,Cowfish,With Caution,Peaceful,Moderate,125,9.0
Wartskin Anglerfish,Antennarius maculatus,Antennariidae,Frogfish,No,Predatory,Moderate,30,4.0
Painted Anglerfish,Antennarius pictus,Antennariidae,Frogfish,No,Predatory,Moderate,30,4.0
Commerson's Frogfish,Antennarius commerson,Pomacanthidae,Frogfish,No,Predatory,Moderate,70,15.0
Sargassum Anglerfish,Histrio histrio,Antennariidae,Frogfish,No,Predatory,Moderate,30,8.0
Bellus Angelfish,Genicanthus bellus,Pomacanthidae,Angelfish,Yes,Peaceful,Moderate,125,7.0
Lamarck's Angelfish,Genicanthus lamarck,Pomacanthidae,Angelfish,Yes,Peaceful,Moderate,125,9.0
Watanabei Angelfish,Genicanthus watanabei,Pomacanthidae,Angelfish,Yes,Peaceful,Moderate,125,6.0
Swallowtail Angelfish,Genicanthus melanospilos,Pomacanthidae,Angelfish,Yes,Peaceful,Moderate,125,7.0
Pearlscale Butterflyfish,Chaetodon xanthurus,Chaetodontidae,Butterflyfish,With Caution,Peaceful,Moderate,125,5.5
Double Saddle Butterflyfish,Chaetodon ulietensis,Chaetodontidae,Butterflyfish,No,Peaceful,Moderate,125,7.0
Saddleback Butterflyfish,Chaetodon ephippium,Chaetodontidae,Butterflyfish,No,Peaceful,Moderate,125,12.0
Black Axil Chromis,Chromis atripectoralis,Pomacentridae,Chromis,Yes,Peaceful,Easy,30,5.0
Blue Green Reef Chromis,Chromis viridis,Pomacentridae,Chromis,Yes,Peaceful,Easy,30,4.0
Orange Lined Cardinalfish,Ostorhinchus cyanosoma,Apogonidae,Cardinalfish,Yes,Peaceful,Easy,30,5.0
Red Spot Cardinalfish,Apogon parvulus,Apogonidae,Cardinalfish,Yes,Peaceful,Moderate,20,2.5
Cave Basslet,Liopropoma rubre,Serranidae,Basslet,Yes,Peaceful,Moderate,30,4.0
Black Cap Jawfish,Opistognathus randalli,Opistognathidae,Jawfish,Yes,Peaceful,Moderate,30,4.0
Greenbanded Goby,Tigrigobius multifasciatus,Gobiidae,Goby,Yes,Peaceful,Easy,10,2.0
Panda Goby,Paragobiodon lacunicolus,Gobiidae,Goby,Yes,Peaceful,Moderate,10,2.0
Bella Goby,Valenciennea bella,Gobiidae,Goby,Yes,Peaceful,Moderate,30,6.0
Tiger Watchman Goby,Valenciennea wardii,Gobiidae,Goby,Yes,Peaceful,Moderate,30,6.0
Pink Spotted Watchman Goby,Cryptocentrus leptocephalus,Gobiidae,Goby,Yes,Peaceful,Moderate,30,5.0
Lubbock's Fairy Wrasse,Cirrhilabrus lubbocki,Labridae,Fairy Wrasse,Yes,Peaceful,Easy,55,3.5
Ruby Head Fairy Wrasse,Cirrhilabrus cf. cyanopleura,Labridae,Fairy Wrasse,Yes,Peaceful,Easy,90,5.0
Scott's Fairy Wrasse,Cirrhilabrus scottorum,Labridae,Fairy Wrasse,Yes,Semi-Aggressive,Moderate,90,5.5
Golden Rhomboidalis Wrasse,Cirrhilabrus rhomboidalis,Labridae,Fairy Wrasse,Yes,Peaceful,Easy,90,4.5
Lineatus Fairy Wrasse,Cirrhilabrus lineatus,Labridae,Fairy Wrasse,Yes,Peaceful,Moderate,125,5.0
Red Margin Fairy Wrasse,Cirrhilabrus rubrimarginatus,Labridae,Fairy Wrasse,Yes,Peaceful,Moderate,125,6.0
Black Leopard Wrasse,Macropharyngodon negrosensis,Labridae,Leopard Wrasse,Yes,Peaceful,Difficult,50,5.0
Blue Star Leopard Wrasse,Macropharyngodon bipartitus,Labridae,Leopard Wrasse,Yes,Peaceful,Difficult,50,5.0
Ornate Leopard Wrasse,Macropharyngodon ornatus,Labridae,Leopard Wrasse,Yes,Peaceful,Difficult,70,6.0
Potter's Leopard Wrasse,Macropharyngodon geoffroy,Labridae,Leopard Wrasse,Yes,Peaceful,Difficult,70,5.0
Cleaner Wrasse,Labroides dimidiatus,Labridae,Cleaner Wrasse,Yes,Peaceful,Difficult,55,5.0
Neon Cleaner Goby,Elacatinus oceanops,Gobiidae,Goby,Yes,Peaceful,Easy,10,2.0
Yasha White Ray Shrimp Goby,Stonogobiops yasha,Gobiidae,Goby,Yes,Peaceful,Moderate,10,2.0
Wheeler's Shrimp Goby,Amblyeleotris wheeleri,Gobiidae,Goby,Yes,Peaceful,Moderate,30,5.0
Dracula Goby,Stonogobiops dracula,Gobiidae,Goby,Yes,Peaceful,Moderate,10,2.5
Two Spot Goby,Signigobius biocellatus,Gobiidae,Goby,Yes,Peaceful,Moderate,30,3.0
Harptail Blenny,Plagiotremus tapeinosoma,Blenniidae,Blenny,With Caution,Semi-Aggressive,Moderate,30,5.0
Red Sea Mimic Blenny,Ecsenius gravieri,Blenniidae,Blenny,Yes,Peaceful,Easy,30,4.0
Smith's Fang Blenny,Meiacanthus smithi,Blenniidae,Fang Blenny,Yes,Peaceful,Easy,30,4.0
Linear Fang Blenny,Meiacanthus lineatus,Blenniidae,Fang Blenny,Yes,Peaceful,Easy,30,4.0
Blue Spot Jawfish,Opistognathus rosenblatti,Opistognathidae,Jawfish,Yes,Peaceful,Difficult,30,4.0
Yellowhead Jawfish,Opistognathus aurifrons,Opistognathidae,Jawfish,Yes,Peaceful,Moderate,30,4.0
Pearly Jawfish,Opistognathus pearlyi,Opistognathidae,Jawfish,Yes,Peaceful,Moderate,30,4.0
Scissortail Dartfish,Ptereleotris evides,Ptereleotridae,Dartfish,Yes,Peaceful,Easy,20,5.0
Zebra Dartfish,Ptereleotris zebra,Ptereleotridae,Dartfish,Yes,Peaceful,Easy,30,5.0
Blue Gudgeon Dartfish,Ptereleotris heteroptera,Ptereleotridae,Dartfish,Yes,Peaceful,Moderate,30,6.0
Yellow Assessor,Assessor flavissimus,Plesiopidae,Assessor,Yes,Peaceful,Easy,30,3.0
Blue Assessor,Assessor macneilli,Plesiopidae,Assessor,Yes,Peaceful,Easy,30,3.0
Janss' Pipefish,Doryrhamphus janssi,Syngnathidae,Pipefish,Yes,Peaceful,Difficult,30,6.0
Banded Pipefish,Dunckerocampus dactyliophorus,Syngnathidae,Pipefish,Yes,Peaceful,Difficult,30,7.0
Pink Streak Wrasse,Pseudocheilinops ataenia,Labridae,Wrasse,Yes,Peaceful,Easy,20,2.5
Possum Wrasse,Wetmorella nigropinnata,Labridae,Wrasse,Yes,Peaceful,Moderate,20,3.0
Green Wrasse,Halichoeres chloropterus,Labridae,Wrasse,Yes,Peaceful,Moderate,75,8.0
Richmond's Wrasse,Halichoeres richmondi,Labridae,Wrasse,Yes,Peaceful,Moderate,70,7.5
Blunthead Wrasse,Thalassoma amblycephalum,Labridae,Wrasse,With Caution,Semi-Aggressive,Moderate,75,6.0
Bicolor Blenny,Ecsenius bicolor,Blenniidae,Blenny,Yes,Peaceful,Easy,30,4.0
Midas Blenny,Ecsenius midas,Blenniidae,Blenny,Yes,Peaceful,Easy,30,6.0
Starry Blenny,Salarias ramosus,Blenniidae,Blenny,Yes,Peaceful,Easy,30,5.5
Forktail Blenny,Meiacanthus atrodorsalis,Blenniidae,Blenny,Yes,Peaceful,Easy,30,5.0
Canary Fang Blenny,Meiacanthus oualanensis,Blenniidae,Fang Blenny,Yes,Peaceful,Easy,30,5.0
Niger Triggerfish,Odonus niger,Balistidae,Triggerfish,With Caution,Semi-Aggressive,Moderate,180,20.0
Bluejaw Triggerfish,Xanthichthys auromarginatus,Balistidae,Triggerfish,With Caution,Peaceful,Moderate,180,12.0
Crosshatch Triggerfish,Xanthichthys mento,Balistidae,Triggerfish,With Caution,Peaceful,Difficult,250,12.0
Pinktail Triggerfish,Melichthys vidua,Balistidae,Triggerfish,With Caution,Semi-Aggressive,Moderate,180,15.0
Bursa Triggerfish,Sufflamen bursa,Balistidae,Triggerfish,No,Semi-Aggressive,Moderate,180,16.0
Dogface Puffer,Arothron nigropunctatus,Tetraodontidae,Pufferfish,No,Peaceful,Moderate,180,13.0
Porcupine Puffer,Diodon holocanthus,Diodontidae,Pufferfish,No,Peaceful,Easy,180,20.0
Valentini Puffer,Canthigaster valentini,Tetraodontidae,Toby Puffer,With Caution,Peaceful,Easy,30,4.0
Blue Spotted Toby,Canthigaster solandri,Tetraodontidae,Toby Puffer,With Caution,Semi-Aggressive,Easy,30,5.0
Saddle Valentini Puffer,Canthigaster epilampra,Tetraodontidae,Toby Puffer,With Caution,Peaceful,Moderate,30,4.0
Volitan Lionfish,Pterois volitans,Scorpaenidae,Lionfish,No,Predatory,Moderate,120,15.0
Antennata Lionfish,Pterois antennata,Scorpaenidae,Lionfish,No,Predatory,Moderate,70,8.0
Fu Manchu Lionfish,Dendrochirus biocellatus,Scorpaenidae,Dwarf Lionfish,No,Predatory,Moderate,30,4.0
Fuzzy Dwarf Lionfish,Dendrochirus brachypterus,Scorpaenidae,Dwarf Lionfish,No,Predatory,Easy,50,7.0
Spanish Hogfish,Bodianus rufus,Labridae,Hogfish,With Caution,Semi-Aggressive,Moderate,125,10.0
Yellow Candy Hogfish,Bodianus bimaculatus,Labridae,Hogfish,With Caution,Semi-Aggressive,Moderate,70,8.0
Purple Tilefish,Hoplolatilus purpureus,Malacanthidae,Tilefish,Yes,Peaceful,Moderate,125,8.0
Blue Tilefish,Hoplolatilus starcki,Malacanthidae,Tilefish,Yes,Peaceful,Moderate,125,5.0
Snowflake Moray,Echidna nebulosa,Muraenidae,Moray Eel,With Caution,Semi-Aggressive,Easy,75,24.0
Zebra Moray,Gymnomuraena zebra,Muraenidae,Moray Eel,With Caution,Peaceful,Moderate,180,60.0
Squareback Anthias,Pseudanthias pleurotaenia,Serranidae,Anthias,Yes,Semi-Aggressive,Moderate,100,7.75
Red Saddled Anthias,Pseudanthias flavoguttatus,Serranidae,Anthias,Yes,Peaceful,Difficult,70,4.25
Sunburst Anthias,Serranocirrhitus latus,Serranidae,Anthias,Yes,Peaceful,Moderate,70,5.0
Carberry's Anthias,Nemanthias carberryi,Serranidae,Anthias,Yes,Peaceful,Moderate,70,4.0
Dispar Anthias,Pseudanthias dispar,Serranidae,Anthias,Yes,Peaceful,Moderate,70,3.5
Bartlett's Anthias,Pseudanthias bartlettorum,Serranidae,Anthias,Yes,Peaceful,Moderate,70,3.5
Tomini Tang,Ctenochaetus tominiensis,Acanthuridae,Tang,Yes,Peaceful,Moderate,70,6.0
Convict Tang,Acanthurus triostegus,Acanthuridae,Tang,Yes,Peaceful,Moderate,180,11.0
Lieutenant Tang,Acanthurus tennentii,Acanthuridae,Tang,Yes,Semi-Aggressive,Moderate,180,12.0
Orange Shoulder Tang,Acanthurus olivaceus,Acanthuridae,Tang,Yes,Semi-Aggressive,Moderate,180,14.0
Mimic Lemonpeel Tang,Acanthurus pyroferus,Acanthuridae,Tang,Yes,Semi-Aggressive,Moderate,125,10.0
Scopas Tang,Zebrasoma scopas,Acanthuridae,Tang,Yes,Semi-Aggressive,Moderate,75,8.0
Desjardini Sailfin Tang,Zebrasoma desjardinii,Acanthuridae,Tang,Yes,Semi-Aggressive,Moderate,180,16.0
Magnificent Foxface,Siganus magnificus,Siganidae,Rabbitfish,With Caution,Peaceful,Moderate,125,9.0
Foxface Rabbitfish,Siganus vulpinus,Siganidae,Rabbitfish,With Caution,Peaceful,Moderate,125,9.0
Blue Devil Damselfish,Chrysiptera cyanea,Pomacentridae,Damselfish,Yes,Aggressive,Easy,30,3.0
Yellowtail Blue Damselfish,Chrysiptera parasema,Pomacentridae,Damselfish,Yes,Semi-Aggressive,Easy,30,3.0
Rolland's Damselfish,Chrysiptera rollandi,Pomacentridae,Damselfish,Yes,Peaceful,Easy,30,3.0
Engineer Goby,Pholidichthys leucotaenia,Pholidichthyidae,Goby,Yes,Peaceful,Moderate,55,12.0
Sleeper Banded Goby,Amblygobius phalaena,Gobiidae,Goby,Yes,Peaceful,Moderate,30,6.0
Lyretail Anthias,Pseudanthias squamipinnis,Serranidae,Anthias,Yes,Peaceful,Moderate,125,5.0
Bicolor Anthias,Pseudanthias bicolor,Serranidae,Anthias,Yes,Semi-Aggressive,Easy,125,5.0
Ignitus Anthias,Pseudanthias ignitus,Serranidae,Anthias,Yes,Peaceful,Easy,70,3.5
Huchtii Anthias,Pseudanthias huchtii,Serranidae,Anthias,Yes,Semi-Aggressive,Moderate,125,4.75
Stocky Anthias,Pseudanthias hypselosoma,Serranidae,Anthias,Yes,Semi-Aggressive,Moderate,125,7.0
Blotched Anthias,Odontanthias borbonius,Serranidae,Anthias,Yes,Semi-Aggressive,Moderate,130,6.0
Pink Anthias,Pseudanthias tuka,Serranidae,Anthias,Yes,Semi-Aggressive,Moderate,70,4.0
One Spot Foxface,Siganus unimaculatus,Siganidae,Rabbitfish,With Caution,Peaceful,Moderate,70,8.0
Green Mandarin,Synchiropus splendidus,Callionymidae,Dragonet,Yes,Peaceful,Difficult,30,3.0
Spotted Mandarin,Synchiropus picturatus,Callionymidae,Dragonet,Yes,Peaceful,Difficult,30,4.0
Ruby Red Dragonet,Synchiropus sycorax,Callionymidae,Dragonet,Yes,Peaceful,Moderate,30,2.5
Matted Filefish,Acreichthys tomentosus,Monacanthidae,Filefish,With Caution,Peaceful,Moderate,30,5.0
Talbot's Damselfish,Chrysiptera talboti,Pomacentridae,Damselfish,Yes,Peaceful,Easy,30,2.5
Azure Damselfish,Chrysiptera hemicyanea,Pomacentridae,Damselfish,Yes,Semi-Aggressive,Easy,30,3.0
Springer's Damsel,Chrysiptera springeri,Pomacentridae,Damselfish,Yes,Peaceful,Easy,30,2.5
Yellow Clown Goby,Gobiodon okinawae,Gobiidae,Goby,Yes,Peaceful,Easy,10,1.5
Citron Clown Goby,Gobiodon citrinus,Gobiidae,Goby,Yes,Peaceful,Easy,10,2.0
Hi Fin Red Banded Goby,Stonogobiops nematodes,Gobiidae,Goby,Yes,Peaceful,Easy,10,2.0
Flame Angelfish,Centropyge loricula,Pomacanthidae,Dwarf Angelfish,With Caution,Semi-Aggressive,Moderate,70,4.0
Coral Beauty Angelfish,Centropyge bispinosa,Pomacanthidae,Dwarf Angelfish,With Caution,Semi-Aggressive,Easy,70,4.0
Lemonpeel Angelfish,Centropyge flavissima,Pomacanthidae,Dwarf Angelfish,With Caution,Semi-Aggressive,Moderate,70,5.5
Bicolor Angelfish,Centropyge bicolor,Pomacanthidae,Dwarf Angelfish,With Caution,Semi-Aggressive,Moderate,70,6.0
Flameback Angelfish,Centropyge acanthops,Pomacanthidae,Dwarf Angelfish,With Caution,Semi-Aggressive,Moderate,55,3.0
Cherub Angelfish,Centropyge argi,Pomacanthidae,Dwarf Angelfish,With Caution,Semi-Aggressive,Moderate,30,3.0
Half Black Angelfish,Centropyge vrolikii,Pomacanthidae,Dwarf Angelfish,With Caution,Semi-Aggressive,Moderate,55,4.0
Multicolor Angelfish,Centropyge multicolor,Pomacanthidae,Dwarf Angelfish,With Caution,Peaceful,Moderate,70,4.0
Copperband Butterflyfish,Chelmon rostratus,Chaetodontidae,Butterflyfish,With Caution,Peaceful,Difficult,75,8.0
Raccoon Butterflyfish,Chaetodon lunula,Chaetodontidae,Butterflyfish,No,Peaceful,Moderate,125,8.0
Longnose Butterflyfish,Forcipiger flavissimus,Chaetodontidae,Butterflyfish,With Caution,Peaceful,Moderate,125,9.0
Longnose Hawkfish,Oxycirrhites typus,Cirrhitidae,Hawkfish,With Caution,Semi-Aggressive,Easy,30,5.0
Flame Hawkfish,Neocirrhites armatus,Cirrhitidae,Hawkfish,With Caution,Semi-Aggressive,Easy,30,4.0
Pixy Hawkfish,Cirrhitichthys oxycephalus,Cirrhitidae,Hawkfish,With Caution,Peaceful,Easy,30,4.0
Orchid Dottyback,Pseudochromis fridmani,Pseudochromidae,Dottyback,Yes,Semi-Aggressive,Easy,30,3.0
Purple Dottyback,Pseudochromis porphyreus,Pseudochromidae,Dottyback,Yes,Aggressive,Easy,30,3.0
Springer's Dottyback,Pseudochromis springeri,Pseudochromidae,Dottyback,Yes,Semi-Aggressive,Easy,30,2.5
Pajama Cardinalfish,Sphaeramia nematoptera,Apogonidae,Cardinalfish,Yes,Peaceful,Easy,30,3.0
Threadfin Cardinalfish,Zoramia leptacantha,Apogonidae,Cardinalfish,Yes,Peaceful,Easy,30,2.0
Blackcap Basslet,Gramma melacara,Grammatidae,Basslet,Yes,Peaceful,Moderate,30,4.0
Six Line Wrasse,Pseudocheilinus hexataenia,Labridae,Wrasse,Yes,Semi-Aggressive,Easy,30,4.0
Melanurus Wrasse,Halichoeres melanurus,Labridae,Wrasse,Yes,Peaceful,Moderate,55,5.0
Yellow Coris Wrasse,Halichoeres chrysus,Labridae,Wrasse,Yes,Peaceful,Easy,50,5.0
Labout's Fairy Wrasse,Cirrhilabrus laboutei,Labridae,Fairy Wrasse,Yes,Peaceful,Easy,90,5.5
Solar Fairy Wrasse,Cirrhilabrus solorensis,Labridae,Fairy Wrasse,Yes,Peaceful,Easy,55,5.0
Exquisite Fairy Wrasse,Cirrhilabrus exquisitus,Labridae,Fairy Wrasse,Yes,Peaceful,Moderate,90,5.0
Carpenter's Flasher Wrasse,Paracheilinus carpenteri,Labridae,Flasher Wrasse,Yes,Peaceful,Easy,55,3.5
McCosker's Flasher Wrasse,Paracheilinus mccoskeri,Labridae,Flasher Wrasse,Yes,Peaceful,Easy,55,3.0
Pearly Wrasse,Halichoeres margaritaceus,Labridae,Wrasse,Yes,Peaceful,Moderate,90,5.0
Yellow Watchman Goby,Cryptocentrus cinctus,Gobiidae,Goby,Yes,Peaceful,Easy,30,4.0
Diamond Watchman Goby,Valenciennea puellaris,Gobiidae,Goby,Yes,Peaceful,Moderate,30,6.0
Orange Spotted Goby,Amblyeleotris guttata,Gobiidae,Goby,Yes,Peaceful,Moderate,30,4.0
Randall's Shrimp Goby,Amblyeleotris randalli,Gobiidae,Goby,Yes,Peaceful,Moderate,20,4.0
Court Jester Goby,Koumansetta rainfordi,Gobiidae,Goby,Yes,Peaceful,Moderate,30,2.5
Lawnmower Blenny,Salarias fasciatus,Blenniidae,Blenny,Yes,Peaceful,Easy,30,5.5
Tailspot Blenny,Ecsenius stigmatura,Blenniidae,Blenny,Yes,Peaceful,Easy,10,2.5
Linear Blenny,Ecsenius lineatus,Blenniidae,Blenny,Yes,Peaceful,Easy,30,3.5
Firefish Goby,Nemateleotris magnifica,Ptereleotridae,Firefish,Yes,Peaceful,Easy,20,3.0
Purple Firefish,Nemateleotris decora,Ptereleotridae,Firefish,Yes,Peaceful,Moderate,30,4.0
Ocellaris Clownfish,Amphiprion ocellaris,Pomacentridae,Clownfish,Yes,Peaceful,Easy,20,4.25
Percula Clownfish,Amphiprion percula,Pomacentridae,Clownfish,Yes,Peaceful,Easy,20,3.0
Clarkii Clownfish,Amphiprion clarkii,Pomacentridae,Clownfish,Yes,Semi-Aggressive,Easy,30,6.0
Tomato Clownfish,Amphiprion frenatus,Pomacentridae,Clownfish,Yes,Semi-Aggressive,Easy,30,5.5
Maroon Clownfish,Premnas biaculeatus,Pomacentridae,Clownfish,Yes,Aggressive,Moderate,30,6.0
Pink Skunk Clownfish,Amphiprion perideraion,Pomacentridae,Clownfish,Yes,Peaceful,Easy,30,4.0
Orange Skunk Clownfish,Amphiprion sandaracinos,Pomacentridae,Clownfish,Yes,Peaceful,Easy,30,5.0
McCullochi Clownfish,Amphiprion mccullochi,Pomacentridae,Clownfish,Yes,Semi-Aggressive,Moderate,70,4.5
Blue Tang,Paracanthurus hepatus,Acanthuridae,Tang,Yes,Peaceful,Moderate,180,12.0
Yellow Tang,Zebrasoma flavescens,Acanthuridae,Tang,Yes,Semi-Aggressive,Moderate,75,8.0
Kole Tang,Ctenochaetus strigosus,Acanthuridae,Tang,Yes,Peaceful,Moderate,70,7.0
Purple Tang,Zebrasoma xanthurum,Acanthuridae,Tang,Yes,Semi-Aggressive,Moderate,125,10.0
Sailfin Tang,Zebrasoma veliferum,Acanthuridae,Tang,Yes,Semi-Aggressive,Moderate,180,15.0
Powder Blue Tang,Acanthurus leucosternon,Acanthuridae,Tang,Yes,Semi-Aggressive,Difficult,125,9.0
Powder Brown Tang,Acanthurus japonicus,Acanthuridae,Tang,Yes,Semi-Aggressive,Moderate,125,8.0
Naso Tang,Naso lituratus,Acanthuridae,Tang,Yes,Peaceful,Moderate,180,18.0
Royal Gramma,Gramma loreto,Grammatidae,Basslet,Yes,Peaceful,Easy,30,3.0
Blue Reef Chromis,Chromis cyanea,Pomacentridae,Chromis,Yes,Peaceful,Easy,30,5.0
Banggai Cardinalfish,Pterapogon kauderni,Apogonidae,Cardinalfish,Yes,Peaceful,Easy,30,3.0
